Company Name,Country,Email ID,Mobile Number,Industry,Website
Lubricants,Germany,INFO@LUBENETLLC.COM,2545352419; 800.403.0011,Lubricants & Grease,https://www.lubenetllc.com
Home Page,Germany,N/A,1777002733.277,Lubricants & Grease,https://www.dalube.com
Plastifab Inc: Custom Plastic Fabrication in Phoenix AZ,Germany,create@plastifab.net,+16024371214; 1670959822646,Plastics & Polymer,https://plastifab.net
Phoenix Premier Plastics Distributor,Germany,N/A,1699882067; +1-866-507-8105,Plastics & Polymer,https://portplastics.com
"Phoenix, AZ",Germany,N/A,33241328296; 1647886301,Plastics & Polymer,https://lairdplastics.com
"Plastic Distributor in Phoenix, AZ",Germany,N/A,17.657 16.657; 8 8 0 1111.314,Plastics & Polymer,https://www.piedmontplastics.com
Analog,Poland,tihcm.support@ti.com; tihn.support@ti.com; workforcedev@list.ti.com,39.951 60.951; 54.093 102.858,Leather Processing,https://www.ti.com
"Phoenix, AZ",Germany,N/A,33241328296; 1647886301,Plastics & Polymer,https://lairdplastics.com
"Plastic Distributor in Phoenix, AZ",Germany,N/A,17.657 16.657; 8 8 0 1111.314,Plastics & Polymer,https://www.piedmontplastics.com
CJdropshipping,Poland,3158699090@qq.com,1292601014; 708607489636,Leather Processing,https://cjdropshipping.com
Leather Bag Buyers & Importers in Germany,Germany,talent@trademo.com,1645085709; 1661321739,Leather Processing,https://www.trademo.com
Leather goods buyers Germany,Germany,N/A,06.244.062.305; 3.236.977.733,Leather Processing,https://www.europages.co.uk
"Germany Leather Importers, Buyers and Distributors",Germany,eg.sample@xyz.com; contactus@tradekey.com,11432221971; +1-209-227-2270,Leather Processing,https://importer.tradekey.com
Associations,Netherlands,info@printpack.com,00000000202021; 1775576339035,Paper & Packaging,https://www.printpack.com
Canadian Corrugated & Containerboard Association,Netherlands,N/A,9999999999; 6666666667,Paper & Packaging,https://cccabox.org
APCO,Netherlands,email@address.com; chris.teague@reinteractive.com; apco@apco.org.au,7386689917602; 51934924266,Paper & Packaging,https://apco.org.au
What is Textile? Types of Textile,UAE,N/A,9999999999; 1777039361,Textile Processing,https://www.textileindustry.net
"Phoenix, AZ",Germany,N/A,33241328296; 1647886301,Plastics & Polymer,https://lairdplastics.com
Piedmont Plastics,Germany,N/A,17.657 16.657; 8 8 0 1111.314,Plastics & Polymer,https://www.piedmontplastics.com
Thetradevision,Germany,xxxxxxxxxxx@gmail.com,+1(307)7573116; 1561951694,Leather Processing,https://www.thetradevision.com
TradeKey,Germany,eg.sample@xyz.com; contactus@tradekey.com,11432221971; +1-209-227-2270,Leather Processing,https://importer.tradekey.com
"Phoenix, AZ",Germany,N/A,33241328296; 1647886301,Plastics & Polymer,https://lairdplastics.com
Paint,Vietnam,N/A,23.36.241.241; 1777096291,Paints & Coatings,https://www.lowes.com
The Home Depot,Vietnam,N/A,8.3333333333; 16.6666666667,Paints & Coatings,https://www.homedepot.com
BENJAMINMOORE,Vietnam,info@benjaminmoore.com; u003einfo@benjaminmoore.com; onlinestoresupport@benjaminmoore.com,46915729257; 66.4326923076923,Paints & Coatings,https://www.benjaminmoore.com
Dunn-Edwards Paints,Vietnam,custservice@dunnedwards.com,8.00033 9.16659; 9.10489 9.16659,Paints & Coatings,https://www.dunnedwards.com
Shop Paint & Paint Supplies,Vietnam,N/A,1006762013; 01761914761,Paints & Coatings,https://www.sherwin-williams.com
Amazon.com,Vietnam,api-services-support@amazon.com,N/A,Paints & Coatings,https://www.amazon.com
PPGPAINTS,Vietnam,bmppg@bm.com; techservicerequests@ppg.com; media@kirkpat.com,202025-11-10; 2.55806 6.29544,Paints & Coatings,https://www.ppgpaints.com
Paint at Menards®,Vietnam,N/A,53-134939019; 281777096296176,Paints & Coatings,https://www.menards.com
ACEHARDWARE,Vietnam,N/A,1112366487; 24645-37138,Paints & Coatings,https://www.acehardware.com
Exterior Paint,Vietnam,N/A,1775664274936; 22514358-9653,Paints & Coatings,https://www.behr.com
Walmart.com,UAE,Sofia.Royo@walmart.com; andres.tovar@walmart.com; kaitlin.jetviroj@walmart.com,105223049547814; 84823767649,Cosmetics & Personal Care,https://www.walmart.com
Sephora,UAE,DotComProd@sephora.com; customerservice@sephora.com,11630011008; 1314428622,Cosmetics & Personal Care,https://www.sephora.com
Makeup & Cosmetics,UAE,N/A,3017549176; 1343371022,Cosmetics & Personal Care,https://www.nordstrom.com
MAC Cosmetics,UAE,elconline@estee.com; jane@maccosmetics.com,+1-800 588 0070; 20260423.05,Cosmetics & Personal Care,https://www.maccosmetics.com
Ulta Beauty,UAE,N/A,1619355948; 4664190660,Cosmetics & Personal Care,https://www.ulta.com
Beauty,UAE,N/A,820403229300; 20260204-01,Cosmetics & Personal Care,https://www.target.com
Macy’s,UAE,N/A,172562576126509; 23.203.167.82,Cosmetics & Personal Care,https://www.macys.com
Drugstore Makeup & Cosmetics,UAE,N/A,684509800971; 4243658649,Cosmetics & Personal Care,https://www.cvs.com
